task_id,title,epic_id,feature_id,story_id,subsystem,description,reason,source_finding_ids,implementation_boundaries,likely_files,dependency_ids,prerequisite_decisions,acceptance_criteria,tests_required,documentation_required,security_impact,scientific_impact,data_migration_impact,rollout_requirement,rollback_requirement,priority,severity,effort,confidence,status,release_stage,sprint_id,milestone_id,blocked_by_external,owner_type,completion_evidence,created_date,updated_date
"AVA-0001","Commit and review reproducible baseline","AVA-EPIC-001","AVA-FEAT-001","AVA-STORY-001","Release","Implement and verify commit and review reproducible baseline without replacing working systems.","Audited S1/P0 finding AVA-001.","AVA-001","Preserve canonical architecture; no unrelated scope expansion.","See feature-specific audit and repository inventory","","Audit","Clean intentional commits reproduce gates","Relevant unit/contract tests;Integration or environment evidence required by definition of complete","Update tracker evidence and affected runbook/architecture document","Review","None","None","Feature flag or staged rollout when behavior changes","Document rollback before deployment","P0","S1","M","Medium","Blocked","Foundation","SPRINT-01","M0","false","DevOps or Platform Engineer","2026-07-18: worktree baseline proves substantial user-owned changes remain unpartitioned; no unrelated work was staged or committed","2026-07-18","2026-07-18"
"AVA-0002","Provision isolated staging Supabase/web/worker","AVA-EPIC-011","AVA-FEAT-002","AVA-STORY-002","Infra","Implement and verify provision isolated staging supabase/web/worker without replacing working systems.","Audited S1/P0 finding AVA-002.","AVA-002","Preserve canonical architecture; no unrelated scope expansion.","See feature-specific audit and repository inventory","","Provider decision","IaC/repeatable deploy and health","Relevant unit/contract tests;Integration or environment evidence required by definition of complete","Update tracker evidence and affected runbook/architecture document","Review","None","None","Feature flag or staged rollout when behavior changes","Document rollback before deployment","P0","S1","L","Medium","Blocked","Staging","SPRINT-02","M1","true","DevOps or Platform Engineer","2026-07-18 Sprint 02: repository topology, environment contract, worker health and local validation exist; staging provider/account/region and deployment remain externally blocked","2026-07-18","2026-07-18"
"AVA-0003","Managed secrets and rotation","AVA-EPIC-011","AVA-FEAT-003","AVA-STORY-003","Security","Implement and verify managed secrets and rotation without replacing working systems.","Audited S1/P0 finding AVA-003.","AVA-003","Preserve canonical architecture; no unrelated scope expansion.","See feature-specific audit and repository inventory","AVA-0002","","No local secrets; rotation rehearsed","Relevant unit/contract tests;Integration or environment evidence required by definition of complete","Update tracker evidence and affected runbook/architecture document","Direct","None","None","Feature flag or staged rollout when behavior changes","Document rollback before deployment","P0","S1","M","Medium","Blocked","Staging","SPRINT-02","M1","true","DevOps or Platform Engineer","2026-07-18 Sprint 02: secret scan and configuration sanity passed; managed store selection and rotation rehearsal remain blocked by AVA-0002/EXT-02","2026-07-18","2026-07-18"
"AVA-0004","Apply/verify 52 migrations in staging","AVA-EPIC-011","AVA-FEAT-004","AVA-STORY-004","Database","Implement and verify apply/verify 52 migrations in staging without replacing working systems.","Audited S1/P0 finding AVA-004.","AVA-004","Preserve canonical architecture; no unrelated scope expansion.","See feature-specific audit and repository inventory","AVA-0002","","Checksums, smoke and rollback pass","Relevant unit/contract tests;Integration or environment evidence required by definition of complete","Update tracker evidence and affected runbook/architecture document","Review","None","Possible","Feature flag or staged rollout when behavior changes","Document rollback before deployment","P0","S1","M","Medium","Blocked","Staging","SPRINT-02","M1","true","DevOps or Platform Engineer","2026-07-18 Sprint 02: all 53 repository migrations align with the disposable local database; staging apply/checksum/rollback evidence remains blocked","2026-07-18","2026-07-18"
"AVA-0005","Complete authorization operation matrix","AVA-EPIC-003","AVA-FEAT-005","AVA-STORY-005","Authz","Implement and verify complete authorization operation matrix without replacing working systems.","Audited S0/P0 finding AVA-005.","AVA-005","Preserve canonical architecture; no unrelated scope expansion.","See feature-specific audit and repository inventory","AVA-0004","","Cross-athlete negative suite passes","Relevant unit/contract tests;Integration or environment evidence required by definition of complete","Update tracker evidence and affected runbook/architecture document","Direct","None","None","Feature flag or staged rollout when behavior changes","Document rollback before deployment","P0","S0","M","Medium","In Progress","Staging","SPRINT-02","M1","false","Security Engineer","2026-07-18 Sprint 02: source ownership sanity and 12 mobile pgTAP assertions passed locally; applied-staging cross-athlete/cross-organization adversarial matrix remains unavailable","2026-07-18","2026-07-18"
"AVA-0006","Implement `/api/mobile/v1` provider","AVA-EPIC-008","AVA-FEAT-006","AVA-STORY-006","Mobile/API","Implement and verify implement `/api/mobile/v1` provider without replacing working systems.","Audited S1/P0 finding AVA-006.","AVA-006","Preserve canonical architecture; no unrelated scope expansion.","See feature-specific audit and repository inventory","AVA-0004;AVA-0005","","Versioned contract tests pass","Relevant unit/contract tests;Integration or environment evidence required by definition of complete","Update tracker evidence and affected runbook/architecture document","Review","None","None","Feature flag or staged rollout when behavior changes","Document rollback before deployment","P0","S1","L","Medium","In Progress","Native vertical slice","SPRINT-03","M2","false","Native iOS Engineer","2026-07-18 Sprint 03: local versioned provider and contract gates pass; staging and authorization evidence remain required","2026-07-18","2026-07-18"
"AVA-0007","Connect native auth/capture/upload/result","AVA-EPIC-008","AVA-FEAT-007","AVA-STORY-007","iOS","Implement and verify connect native auth/capture/upload/result without replacing working systems.","Audited S1/P0 finding AVA-007.","AVA-007","Preserve canonical architecture; no unrelated scope expansion.","See feature-specific audit and repository inventory","AVA-0006","","Real device E2E passes","Relevant unit/contract tests;Integration or environment evidence required by definition of complete","Update tracker evidence and affected runbook/architecture document","Review","None","None","Feature flag or staged rollout when behavior changes","Document rollback before deployment","P0","S1","L","Medium","In Progress","Native vertical slice","SPRINT-04","M2","false","Native iOS Engineer","2026-07-18 Sprint 04: native foundation and 19 tests pass; staging/simulator/real-device E2E remain required","2026-07-18","2026-07-18"
"AVA-0008","Replace placeholder app identity/signing","AVA-EPIC-008","AVA-FEAT-008","AVA-STORY-008","iOS","Implement and verify replace placeholder app identity/signing without replacing working systems.","Audited S1/P0 finding AVA-008.","AVA-008","Preserve canonical architecture; no unrelated scope expansion.","See feature-specific audit and repository inventory","","Apple account","Archive succeeds","Relevant unit/contract tests;Integration or environment evidence required by definition of complete","Update tracker evidence and affected runbook/architecture document","Review","None","None","Feature flag or staged rollout when behavior changes","Document rollback before deployment","P0","S1","M","Medium","Blocked","Native vertical slice","SPRINT-04","M2","true","Native iOS Engineer","2026-07-18 Sprint 04: placeholder identity confirmed; Apple signing/full Xcode/archive evidence unavailable","2026-07-18","2026-07-18"
"AVA-0009","Hosted worker golden-video execution","AVA-EPIC-005","AVA-FEAT-009","AVA-STORY-009","Analysis","Implement and verify hosted worker golden-video execution without replacing working systems.","Audited S1/P0 finding AVA-009.","AVA-009","Preserve canonical architecture; no unrelated scope expansion.","See feature-specific audit and repository inventory","AVA-0002;AVA-0004","","60/120/240 jobs complete with provenance","Relevant unit/contract tests;Integration or environment evidence required by definition of complete","Update tracker evidence and affected runbook/architecture document","Review","None","None","Feature flag or staged rollout when behavior changes","Document rollback before deployment","P0","S1","L","Medium","Blocked","Native vertical slice","SPRINT-06","M2","true","Computer Vision Engineer","2026-07-19 Sprint 06: local worker and 60 FPS gates pass; hosted golden execution remains","2026-07-18","2026-07-19"
"AVA-0010","Deploy telemetry/dashboards/alerts","AVA-EPIC-011","AVA-FEAT-010","AVA-STORY-010","Ops","Implement and verify deploy telemetry/dashboards/alerts without replacing working systems.","Audited S1/P0 finding AVA-010.","AVA-010","Preserve canonical architecture; no unrelated scope expansion.","See feature-specific audit and repository inventory","AVA-0002","","Queue/upload/activation alerts rehearsed","Relevant unit/contract tests;Integration or environment evidence required by definition of complete","Update tracker evidence and affected runbook/architecture document","Review","None","None","Feature flag or staged rollout when behavior changes","Document rollback before deployment","P0","S1","L","Medium","Blocked","Staging","SPRINT-02","M1","true","DevOps or Platform Engineer","2026-07-18 Sprint 02: structured worker health/logging and redaction tests passed locally; collector, dashboards, alert routing and rehearsal remain externally blocked","2026-07-18","2026-07-18"
"AVA-0011","Backup restore and rollback rehearsal","AVA-EPIC-011","AVA-FEAT-011","AVA-STORY-011","DR","Implement and verify backup restore and rollback rehearsal without replacing working systems.","Audited S1/P0 finding AVA-011.","AVA-011","Preserve canonical architecture; no unrelated scope expansion.","See feature-specific audit and repository inventory","AVA-0002;AVA-0004","","Timed restore/RPO/RTO evidence","Relevant unit/contract tests;Integration or environment evidence required by definition of complete","Update tracker evidence and affected runbook/architecture document","Review","None","None","Feature flag or staged rollout when behavior changes","Document rollback before deployment","P0","S1","M","Medium","Blocked","Staging","SPRINT-02","M1","true","DevOps or Platform Engineer","2026-07-18 Sprint 02: authoritative restore runbook reviewed; no managed backup or isolated restore target exists, so RPO/RTO remain unproved","2026-07-18","2026-07-18"
"AVA-0012","End-to-end deletion/export","AVA-EPIC-010","AVA-FEAT-012","AVA-STORY-012","Privacy","Implement and verify end-to-end deletion/export without replacing working systems.","Audited S0/P0 finding AVA-012.","AVA-012","Preserve canonical architecture; no unrelated scope expansion.","See feature-specific audit and repository inventory","AVA-0004;AVA-0006","","DB/storage/derived erasure proven","Relevant unit/contract tests;Integration or environment evidence required by definition of complete","Update tracker evidence and affected runbook/architecture document","Direct","None","None","Feature flag or staged rollout when behavior changes","Document rollback before deployment","P0","S0","L","Medium","In Progress","Closed beta","SPRINT-03","M6","false","Security Engineer","2026-07-18 Sprint 03: deletion contracts pass; export and staging DB/storage/derived erasure remain unproved","2026-07-18","2026-07-18"
"AVA-0013","Distributed rate/upload admission","AVA-EPIC-011","AVA-FEAT-013","AVA-STORY-013","Security","Implement and verify distributed rate/upload admission without replacing working systems.","Audited S1/P0 finding AVA-013.","AVA-013","Preserve canonical architecture; no unrelated scope expansion.","See feature-specific audit and repository inventory","AVA-0002","","Abuse/load tests pass","Relevant unit/contract tests;Integration or environment evidence required by definition of complete","Update tracker evidence and affected runbook/architecture document","Direct","None","None","Feature flag or staged rollout when behavior changes","Document rollback before deployment","P0","S1","M","Medium","Blocked","Staging","SPRINT-02","M1","true","DevOps or Platform Engineer","2026-07-18 Sprint 02: local upload validation passed; no distributed staging runtime/store exists for abuse or load proof","2026-07-18","2026-07-18"
"AVA-0014","Consent/reference dataset collection","AVA-EPIC-006","AVA-FEAT-014","AVA-STORY-014","Science","Implement and verify consent/reference dataset collection without replacing working systems.","Audited S1/P0 finding AVA-014.","AVA-014","Preserve canonical architecture; no unrelated scope expansion.","See feature-specific audit and repository inventory","","Protocol/review","Eligible locked 60/120/240 cohort","Relevant unit/contract tests;Integration or environment evidence required by definition of complete","Update tracker evidence and affected runbook/architecture document","Review","Direct","None","Feature flag or staged rollout when behavior changes","Document rollback before deployment","P0","S1","XL","Medium","Blocked","Scientific beta","SPRINT-07","M3","true","Data or Scientific Engineer","","2026-07-18","2026-07-18"
"AVA-0015","Metric reference validation","AVA-EPIC-006","AVA-FEAT-015","AVA-STORY-015","Science","Implement and verify metric reference validation without replacing working systems.","Audited S0/P0 finding AVA-015.","AVA-015","Preserve canonical architecture; no unrelated scope expansion.","See feature-specific audit and repository inventory","AVA-0014","","Error/CI targets satisfied","Relevant unit/contract tests;Integration or environment evidence required by definition of complete","Update tracker evidence and affected runbook/architecture document","Review","Direct","None","Feature flag or staged rollout when behavior changes","Document rollback before deployment","P0","S0","XL","Medium","Blocked","Scientific beta","SPRINT-07","M3","true","Data or Scientific Engineer","","2026-07-18","2026-07-18"
"AVA-0016","Enforce claims registry in presentation","AVA-EPIC-006","AVA-FEAT-016","AVA-STORY-016","Safety","Implement and verify enforce claims registry in presentation without replacing working systems.","Audited S1/P0 finding AVA-016.","AVA-016","Preserve canonical architecture; no unrelated scope expansion.","See feature-specific audit and repository inventory","AVA-0015","","Unvalidated outputs withheld","Relevant unit/contract tests;Integration or environment evidence required by definition of complete","Update tracker evidence and affected runbook/architecture document","Review","None","None","Feature flag or staged rollout when behavior changes","Document rollback before deployment","P0","S1","M","Medium","In Progress","Scientific beta","SPRINT-03","M3","false","Data or Scientific Engineer","2026-07-18 Sprint 03: local result allowlist withholds unsupported metrics; AVA-0015 remains required","2026-07-18","2026-07-18"
"AVA-0017","Immutable report read path","AVA-EPIC-002","AVA-FEAT-017","AVA-STORY-017","Reports","Implement and verify immutable report read path without replacing working systems.","Audited S1/P0 finding AVA-017.","AVA-017","Preserve canonical architecture; no unrelated scope expansion.","See feature-specific audit and repository inventory","AVA-0009","","Web/native use same activated version","Relevant unit/contract tests;Integration or environment evidence required by definition of complete","Update tracker evidence and affected runbook/architecture document","Review","Direct","None","Feature flag or staged rollout when behavior changes","Document rollback before deployment","P0","S1","L","Medium","In Progress","Native vertical slice","SPRINT-03","M2","false","Backend Engineer","2026-07-18 Sprint 03: safe-result route and Swift decoding pass; hosted worker and canonical equivalence remain required","2026-07-18","2026-07-18"
"AVA-0018","Resolve legacy/manifest equivalence","AVA-EPIC-002","AVA-FEAT-018","AVA-STORY-018","Intelligence","Implement and verify resolve legacy/manifest equivalence without replacing working systems.","Audited S2/P1 finding AVA-018.","AVA-018","Preserve canonical architecture; no unrelated scope expansion.","See feature-specific audit and repository inventory","AVA-0017","","Shadow thresholds and rollback pass","Relevant unit/contract tests;Integration or environment evidence required by definition of complete","Update tracker evidence and affected runbook/architecture document","Review","Direct","None","Feature flag or staged rollout when behavior changes","Document rollback before deployment","P1","S2","L","Medium","In Progress","Native vertical slice","SPRINT-06","M2","false","Backend Engineer","2026-07-19 Sprint 06: local shadow/rollback passes; AVA-0017 remains","2026-07-18","2026-07-19"
"AVA-0019","Consolidate legacy coaching thresholds","AVA-EPIC-007","AVA-FEAT-019","AVA-STORY-019","Intelligence","Implement and verify consolidate legacy coaching thresholds without replacing working systems.","Audited S2/P1 finding AVA-019.","AVA-019","Preserve canonical architecture; no unrelated scope expansion.","See feature-specific audit and repository inventory","AVA-0018","","One versioned definition per rule","Relevant unit/contract tests;Integration or environment evidence required by definition of complete","Update tracker evidence and affected runbook/architecture document","Review","Direct","None","Feature flag or staged rollout when behavior changes","Document rollback before deployment","P1","S2","L","Medium","Blocked","Scientific beta","SPRINT-06","M3","false","Backend Engineer","2026-07-19 Sprint 06: blocked pending AVA-0018 equivalence","2026-07-18","2026-07-19"
"AVA-0020","Persist training plans/revisions/events","AVA-EPIC-009","AVA-FEAT-020","AVA-STORY-020","Training","Implement and verify persist training plans/revisions/events without replacing working systems.","Audited S1/P1 finding AVA-020.","AVA-020","Preserve canonical architecture; no unrelated scope expansion.","See feature-specific audit and repository inventory","AVA-0005","","Append-only RLS store passes","Relevant unit/contract tests;Integration or environment evidence required by definition of complete","Update tracker evidence and affected runbook/architecture document","Review","None","Possible","Feature flag or staged rollout when behavior changes","Document rollback before deployment","P1","S1","XL","Medium","Deferred","Training beta","SPRINT-08","M4","false","Backend Engineer","","2026-07-18","2026-07-18"
"AVA-0021","Authorized coach training approval","AVA-EPIC-009","AVA-FEAT-021","AVA-STORY-021","Training","Implement and verify authorized coach training approval without replacing working systems.","Audited S0/P1 finding AVA-021.","AVA-021","Preserve canonical architecture; no unrelated scope expansion.","See feature-specific audit and repository inventory","AVA-0020","","No athlete activation without approval","Relevant unit/contract tests;Integration or environment evidence required by definition of complete","Update tracker evidence and affected runbook/architecture document","Review","None","Possible","Feature flag or staged rollout when behavior changes","Document rollback before deployment","P1","S0","L","Medium","Deferred","Training beta","SPRINT-08","M4","false","Backend Engineer","","2026-07-18","2026-07-18"
"AVA-0022","Native training execution/offline sync","AVA-EPIC-008","AVA-FEAT-022","AVA-STORY-022","Mobile","Implement and verify native training execution/offline sync without replacing working systems.","Audited S1/P1 finding AVA-022.","AVA-022","Preserve canonical architecture; no unrelated scope expansion.","See feature-specific audit and repository inventory","AVA-0006;AVA-0020;AVA-0021","","Stale/pain/retry device tests pass","Relevant unit/contract tests;Integration or environment evidence required by definition of complete","Update tracker evidence and affected runbook/architecture document","Review","None","None","Feature flag or staged rollout when behavior changes","Document rollback before deployment","P1","S1","XL","Medium","Deferred","Native vertical slice","SPRINT-09","M2","false","Native iOS Engineer","","2026-07-18","2026-07-18"
"AVA-0023","Safety-event ingestion/escalation","AVA-EPIC-009","AVA-FEAT-023","AVA-STORY-023","Training","Implement and verify safety-event ingestion/escalation without replacing working systems.","Audited S0/P1 finding AVA-023.","AVA-023","Preserve canonical architecture; no unrelated scope expansion.","See feature-specific audit and repository inventory","AVA-0010;AVA-0020","","Loss/duplicate tests and paging pass","Relevant unit/contract tests;Integration or environment evidence required by definition of complete","Update tracker evidence and affected runbook/architecture document","Review","None","Possible","Feature flag or staged rollout when behavior changes","Document rollback before deployment","P1","S0","L","Medium","Deferred","Training beta","SPRINT-09","M4","false","Backend Engineer","","2026-07-18","2026-07-18"
"AVA-0024","Coach/report comprehension studies","AVA-EPIC-006","AVA-FEAT-024","AVA-STORY-024","Science/UX","Implement and verify coach/report comprehension studies without replacing working systems.","Audited S1/P1 finding AVA-024.","AVA-024","Preserve canonical architecture; no unrelated scope expansion.","See feature-specific audit and repository inventory","AVA-0014;AVA-0017","","Prespecified thresholds pass","Relevant unit/contract tests;Integration or environment evidence required by definition of complete","Update tracker evidence and affected runbook/architecture document","Review","Direct","None","Feature flag or staged rollout when behavior changes","Document rollback before deployment","P1","S1","XL","Medium","Blocked","Scientific beta","SPRINT-07","M3","true","Data or Scientific Engineer","","2026-07-18","2026-07-18"
"AVA-0025","Device/accessibility matrix","AVA-EPIC-008","AVA-FEAT-025","AVA-STORY-025","iOS","Implement and verify device/accessibility matrix without replacing working systems.","Audited S2/P1 finding AVA-025.","AVA-025","Preserve canonical architecture; no unrelated scope expansion.","See feature-specific audit and repository inventory","AVA-0007","","Supported devices, VoiceOver, Dynamic Type","Relevant unit/contract tests;Integration or environment evidence required by definition of complete","Update tracker evidence and affected runbook/architecture document","Review","None","None","Feature flag or staged rollout when behavior changes","Document rollback before deployment","P1","S2","L","Medium","Blocked","Native vertical slice","SPRINT-04","M2","true","Native iOS Engineer","2026-07-18 Sprint 04: preparation audited; simulator/physical-device accessibility evidence unavailable","2026-07-18","2026-07-18"
"AVA-0026","Resumable/idempotent uploads","AVA-EPIC-004","AVA-FEAT-026","AVA-STORY-026","Upload","Implement and verify resumable/idempotent uploads without replacing working systems.","Audited S2/P1 finding AVA-026.","AVA-026","Preserve canonical architecture; no unrelated scope expansion.","See feature-specific audit and repository inventory","AVA-0006","","Kill/relaunch/network-loss recovery","Relevant unit/contract tests;Integration or environment evidence required by definition of complete","Update tracker evidence and affected runbook/architecture document","Direct","None","None","Feature flag or staged rollout when behavior changes","Document rollback before deployment","P1","S2","L","Medium","In Progress","Native vertical slice","SPRINT-05","M2","false","Backend Engineer","2026-07-19 Sprint 05: persisted/idempotent/retry/progress/cancellation foundation and 24 Swift tests pass; live recovery remains","2026-07-18","2026-07-19"
"AVA-0027","Storage lifecycle/orphan reconciliation","AVA-EPIC-004","AVA-FEAT-027","AVA-STORY-027","Storage","Implement and verify storage lifecycle/orphan reconciliation without replacing working systems.","Audited S1/P1 finding AVA-027.","AVA-027","Preserve canonical architecture; no unrelated scope expansion.","See feature-specific audit and repository inventory","AVA-0012;AVA-0026","","Zero unexplained orphan classes","Relevant unit/contract tests;Integration or environment evidence required by definition of complete","Update tracker evidence and affected runbook/architecture document","Review","None","None","Feature flag or staged rollout when behavior changes","Document rollback before deployment","P1","S1","M","Medium","In Progress","Native vertical slice","SPRINT-05","M2","false","Backend Engineer","2026-07-19 Sprint 05: account-scoped reconciliation and 12 DB assertions pass; deployed zero-orphan proof remains","2026-07-18","2026-07-19"
"AVA-0028","Worker termination/concurrency/load tests","AVA-EPIC-005","AVA-FEAT-028","AVA-STORY-028","Worker","Implement and verify worker termination/concurrency/load tests without replacing working systems.","Audited S2/P1 finding AVA-028.","AVA-028","Preserve canonical architecture; no unrelated scope expansion.","See feature-specific audit and repository inventory","AVA-0009;AVA-0010","","Lease/retry/SLO targets pass","Relevant unit/contract tests;Integration or environment evidence required by definition of complete","Update tracker evidence and affected runbook/architecture document","Review","None","None","Feature flag or staged rollout when behavior changes","Document rollback before deployment","P1","S2","L","Medium","Blocked","Native vertical slice","SPRINT-06","M2","true","Computer Vision Engineer","2026-07-19 Sprint 06: static lease/retry sanity passes; hosted SLO remains","2026-07-18","2026-07-19"
"AVA-0029","Operational dead-letter console/runbook","AVA-EPIC-005","AVA-FEAT-029","AVA-STORY-029","Worker","Implement and verify operational dead-letter console/runbook without replacing working systems.","Audited S2/P1 finding AVA-029.","AVA-029","Preserve canonical architecture; no unrelated scope expansion.","See feature-specific audit and repository inventory","AVA-0010;AVA-0028","","Authorized replay/audit proven","Relevant unit/contract tests;Integration or environment evidence required by definition of complete","Update tracker evidence and affected runbook/architecture document","Review","None","None","Feature flag or staged rollout when behavior changes","Document rollback before deployment","P1","S2","M","Medium","Blocked","Native vertical slice","SPRINT-06","M2","false","Computer Vision Engineer","2026-07-19 Sprint 06: local contracts exist; deployed authorized replay remains","2026-07-18","2026-07-19"
"AVA-0030","CI protected branch and required gates","AVA-EPIC-012","AVA-FEAT-030","AVA-STORY-030","CI","Implement and verify ci protected branch and required gates without replacing working systems.","Audited S1/P1 finding AVA-030.","AVA-030","Preserve canonical architecture; no unrelated scope expansion.","See feature-specific audit and repository inventory","AVA-0001","","Remote required checks observed","Relevant unit/contract tests;Integration or environment evidence required by definition of complete","Update tracker evidence and affected runbook/architecture document","Review","None","None","Feature flag or staged rollout when behavior changes","Document rollback before deployment","P1","S1","M","Medium","Blocked","Foundation","SPRINT-01","M0","true","QA Engineer","2026-07-18: local quality workflow exists, but AVA-0001 is incomplete and no remote protected-branch required-check run was observed","2026-07-18","2026-07-18"
"AVA-0031","Container/SBOM/vulnerability provenance","AVA-EPIC-012","AVA-FEAT-031","AVA-STORY-031","Supply chain","Implement and verify container/sbom/vulnerability provenance without replacing working systems.","Audited S2/P1 finding AVA-031.","AVA-031","Preserve canonical architecture; no unrelated scope expansion.","See feature-specific audit and repository inventory","AVA-0030","","Signed immutable artifact","Relevant unit/contract tests;Integration or environment evidence required by definition of complete","Update tracker evidence and affected runbook/architecture document","Direct","None","None","Feature flag or staged rollout when behavior changes","Document rollback before deployment","P1","S2","M","Medium","Blocked","Foundation","SPRINT-11","M0","true","QA Engineer","","2026-07-18","2026-07-18"
"AVA-0032","Database type/schema drift gate","AVA-EPIC-012","AVA-FEAT-032","AVA-STORY-032","Database","Implement and verify database type/schema drift gate without replacing working systems.","Audited S2/P1 finding AVA-032.","AVA-032","Preserve canonical architecture; no unrelated scope expansion.","See feature-specific audit and repository inventory","AVA-0004;AVA-0030","","Generated types clean in CI","Relevant unit/contract tests;Integration or environment evidence required by definition of complete","Update tracker evidence and affected runbook/architecture document","Review","None","Possible","Feature flag or staged rollout when behavior changes","Document rollback before deployment","P1","S2","S","Medium","Blocked","Foundation","SPRINT-01","M0","true","QA Engineer","2026-07-18: blocked by unapplied/unverified staging migrations (AVA-0004) and remote CI evidence (AVA-0030)","2026-07-18","2026-07-18"
"AVA-0033","Unified test runner/coverage taxonomy","AVA-EPIC-012","AVA-FEAT-033","AVA-STORY-033","Tests","Implement and verify unified test runner/coverage taxonomy without replacing working systems.","Audited S2/P1 finding AVA-033.","AVA-033","Preserve canonical architecture; no unrelated scope expansion.","See feature-specific audit and repository inventory","AVA-0030","","Aliases no longer inflate evidence","Relevant unit/contract tests;Integration or environment evidence required by definition of complete","Update tracker evidence and affected runbook/architecture document","Review","None","None","Feature flag or staged rollout when behavior changes","Document rollback before deployment","P1","S2","M","Medium","Ready","Foundation","SPRINT-11","M0","false","QA Engineer","","2026-07-18","2026-07-18"
"AVA-0034","Worker golden regression CI","AVA-EPIC-012","AVA-FEAT-034","AVA-STORY-034","Science","Implement and verify worker golden regression ci without replacing working systems.","Audited S1/P1 finding AVA-034.","AVA-034","Preserve canonical architecture; no unrelated scope expansion.","See feature-specific audit and repository inventory","AVA-0014;AVA-0030","","Locked output tolerance gate","Relevant unit/contract tests;Integration or environment evidence required by definition of complete","Update tracker evidence and affected runbook/architecture document","Review","Direct","None","Feature flag or staged rollout when behavior changes","Document rollback before deployment","P1","S1","L","Medium","Blocked","Foundation","SPRINT-06","M0","true","QA Engineer","2026-07-19 Sprint 06: local analysis/FPS regressions pass; locked reference gate remains","2026-07-18","2026-07-19"
"AVA-0035","CSP resource inventory and rollout","AVA-EPIC-010","AVA-FEAT-035","AVA-STORY-035","Security","Implement and verify csp resource inventory and rollout without replacing working systems.","Audited S2/P1 finding AVA-035.","AVA-035","Preserve canonical architecture; no unrelated scope expansion.","See feature-specific audit and repository inventory","AVA-0007","","Report-only then enforce","Relevant unit/contract tests;Integration or environment evidence required by definition of complete","Update tracker evidence and affected runbook/architecture document","Direct","None","None","Feature flag or staged rollout when behavior changes","Document rollback before deployment","P1","S2","M","Medium","Ready","Closed beta","SPRINT-11","M6","false","Security Engineer","","2026-07-18","2026-07-18"
"AVA-0036","Native crash reporting/symbols","AVA-EPIC-008","AVA-FEAT-036","AVA-STORY-036","iOS/Ops","Implement and verify native crash reporting/symbols without replacing working systems.","Audited S2/P1 finding AVA-036.","AVA-036","Preserve canonical architecture; no unrelated scope expansion.","See feature-specific audit and repository inventory","AVA-0008;AVA-0010","","Test crash visible","Relevant unit/contract tests;Integration or environment evidence required by definition of complete","Update tracker evidence and affected runbook/architecture document","Review","None","None","Feature flag or staged rollout when behavior changes","Document rollback before deployment","P1","S2","M","Medium","Blocked","Native vertical slice","SPRINT-04","M2","true","Native iOS Engineer","2026-07-18 Sprint 04: telemetry boundary audited; signing/collector/symbol/test-crash evidence unavailable","2026-07-18","2026-07-18"
"AVA-0037","Privacy/legal/health claim review","AVA-EPIC-010","AVA-FEAT-037","AVA-STORY-037","Legal","Implement and verify privacy/legal/health claim review without replacing working systems.","Audited S1/P0 finding AVA-037.","AVA-037","Preserve canonical architecture; no unrelated scope expansion.","See feature-specific audit and repository inventory","","Product scope","Signed approval and policy updates","Relevant unit/contract tests;Integration or environment evidence required by definition of complete","Update tracker evidence and affected runbook/architecture document","Review","None","None","Feature flag or staged rollout when behavior changes","Document rollback before deployment","P0","S1","L","Medium","Blocked","Closed beta","SPRINT-07","M6","true","Security Engineer","","2026-07-18","2026-07-18"
"AVA-0038","Incident/support ownership rehearsal","AVA-EPIC-011","AVA-FEAT-038","AVA-STORY-038","Ops","Implement and verify incident/support ownership rehearsal without replacing working systems.","Audited S1/P0 finding AVA-038.","AVA-038","Preserve canonical architecture; no unrelated scope expansion.","See feature-specific audit and repository inventory","AVA-0010;AVA-0012","","Tabletop passes","Relevant unit/contract tests;Integration or environment evidence required by definition of complete","Update tracker evidence and affected runbook/architecture document","Review","None","None","Feature flag or staged rollout when behavior changes","Document rollback before deployment","P0","S1","M","Medium","Blocked","Staging","SPRINT-02","M1","true","DevOps or Platform Engineer","2026-07-18 Sprint 02: incident plan and SLO targets reviewed; tabletop cannot pass without telemetry/on-call ownership and completed deletion controls","2026-07-18","2026-07-18"
"AVA-0039","Hide developer/experimental surfaces","AVA-EPIC-014","AVA-FEAT-039","AVA-STORY-039","Product","Implement and verify hide developer/experimental surfaces without replacing working systems.","Audited S1/P0 finding AVA-039.","AVA-039","Preserve canonical architecture; no unrelated scope expansion.","See feature-specific audit and repository inventory","","Release manifest","Production route/flag audit passes","Relevant unit/contract tests;Integration or environment evidence required by definition of complete","Update tracker evidence and affected runbook/architecture document","Review","None","None","Feature flag or staged rollout when behavior changes","Document rollback before deployment","P0","S1","S","Medium","Verified Complete","Closed beta","SPRINT-01","M6","false","Product or Operations Lead","2026-07-18: DEC-007, config/production-surface-policy.json, canonical feature-loader enforcement, release-surfaces sanity, production build and 13-pass Playwright route regression","2026-07-18","2026-07-18"
"AVA-0040","Replace deprecated lint command/hook warning","AVA-EPIC-016","AVA-FEAT-040","AVA-STORY-040","Quality","Implement and verify replace deprecated lint command/hook warning without replacing working systems.","Audited S3/P2 finding AVA-040.","AVA-040","Preserve canonical architecture; no unrelated scope expansion.","See feature-specific audit and repository inventory","","None","ESLint CLI clean","Relevant unit/contract tests;Integration or environment evidence required by definition of complete","Update tracker evidence and affected runbook/architecture document","Review","None","None","Feature flag or staged rollout when behavior changes","Document rollback before deployment","P2","S3","S","Medium","Verified Complete","Foundation","SPRINT-01","M0","false","Backend Engineer","2026-07-18: DEC-008, eslint.config.mjs, ESLint CLI package entry and VideoOverlay dependency correction; lint completed with zero warnings","2026-07-18","2026-07-18"
"AVA-0041","Split session-page derivation","AVA-EPIC-016","AVA-FEAT-041","AVA-STORY-041","Web","Implement and verify split session-page derivation without replacing working systems.","Audited S3/P2 finding AVA-041.","AVA-041","Preserve canonical architecture; no unrelated scope expansion.","See feature-specific audit and repository inventory","AVA-0017","","Typed selectors; behavior unchanged","Relevant unit/contract tests;Integration or environment evidence required by definition of complete","Update tracker evidence and affected runbook/architecture document","Review","None","None","Feature flag or staged rollout when behavior changes","Document rollback before deployment","P2","S3","L","Medium","Ready","Foundation","SPRINT-11","M0","false","Backend Engineer","","2026-07-18","2026-07-18"
"AVA-0042","Performance/cost capacity validation","AVA-EPIC-011","AVA-FEAT-042","AVA-STORY-042","Ops","Implement and verify performance/cost capacity validation without replacing working systems.","Audited S2/P2 finding AVA-042.","AVA-042","Preserve canonical architecture; no unrelated scope expansion.","See feature-specific audit and repository inventory","AVA-0002;AVA-0010","","Cohort SLO and budget pass","Relevant unit/contract tests;Integration or environment evidence required by definition of complete","Update tracker evidence and affected runbook/architecture document","Review","None","None","Feature flag or staged rollout when behavior changes","Document rollback before deployment","P2","S2","L","Medium","Blocked","Staging","SPRINT-10","M1","true","DevOps or Platform Engineer","","2026-07-18","2026-07-18"
"AVA-0043","Notification provider/deep links","AVA-EPIC-015","AVA-FEAT-043","AVA-STORY-043","Mobile","Implement and verify notification provider/deep links without replacing working systems.","Audited S2/P2 finding AVA-043.","AVA-043","Preserve canonical architecture; no unrelated scope expansion.","See feature-specific audit and repository inventory","AVA-0007;AVA-0023","","Consent/delivery/fallback tested","Relevant unit/contract tests;Integration or environment evidence required by definition of complete","Update tracker evidence and affected runbook/architecture document","Review","None","None","Feature flag or staged rollout when behavior changes","Document rollback before deployment","P2","S2","L","Medium","Deferred","Coach operations","SPRINT-09","M5","false","Product or Operations Lead","","2026-07-18","2026-07-18"
"AVA-0044","Coach-admin operational tools","AVA-EPIC-015","AVA-FEAT-044","AVA-STORY-044","Ops","Implement and verify coach-admin operational tools without replacing working systems.","Audited S2/P2 finding AVA-044.","AVA-044","Preserve canonical architecture; no unrelated scope expansion.","See feature-specific audit and repository inventory","AVA-0005;AVA-0010","","Least-privilege actions/audit","Relevant unit/contract tests;Integration or environment evidence required by definition of complete","Update tracker evidence and affected runbook/architecture document","Review","None","None","Feature flag or staged rollout when behavior changes","Document rollback before deployment","P2","S2","L","Medium","Ready","Coach operations","SPRINT-10","M5","false","Product or Operations Lead","","2026-07-18","2026-07-18"
"AVA-0045","Retire mock default from generic production path","AVA-EPIC-005","AVA-FEAT-045","AVA-STORY-045","Analysis","Implement and verify retire mock default from generic production path without replacing working systems.","Audited S2/P2 finding AVA-045.","AVA-045","Preserve canonical architecture; no unrelated scope expansion.","See feature-specific audit and repository inventory","","Call-site audit","Production fails closed","Relevant unit/contract tests;Integration or environment evidence required by definition of complete","Update tracker evidence and affected runbook/architecture document","Review","None","None","Feature flag or staged rollout when behavior changes","Document rollback before deployment","P2","S2","S","Medium","Verified Complete","Native vertical slice","SPRINT-06","M2","false","Computer Vision Engineer","2026-07-19 Sprint 06: explicit backend required; missing backend fails closed; pose/type/build pass","2026-07-18","2026-07-19"
"AVA-0046","Resolve zero-placeholder legacy consumers","AVA-EPIC-006","AVA-FEAT-046","AVA-STORY-046","Metrics","Implement and verify resolve zero-placeholder legacy consumers without replacing working systems.","Audited S1/P1 finding AVA-046.","AVA-046","Preserve canonical architecture; no unrelated scope expansion.","See feature-specific audit and repository inventory","AVA-0017","","Null/availability everywhere","Relevant unit/contract tests;Integration or environment evidence required by definition of complete","Update tracker evidence and affected runbook/architecture document","Review","Direct","None","Feature flag or staged rollout when behavior changes","Document rollback before deployment","P1","S1","M","Medium","In Progress","Scientific beta","SPRINT-06","M3","false","Data or Scientific Engineer","2026-07-19 Sprint 06: nullable mapper passes; canonical consumers remain","2026-07-18","2026-07-19"
"AVA-0047","History compatibility/provenance filtering","AVA-EPIC-013","AVA-FEAT-047","AVA-STORY-047","History","Implement and verify history compatibility/provenance filtering without replacing working systems.","Audited S2/P1 finding AVA-047.","AVA-047","Preserve canonical architecture; no unrelated scope expansion.","See feature-specific audit and repository inventory","AVA-0017","","Mixed versions not compared","Relevant unit/contract tests;Integration or environment evidence required by definition of complete","Update tracker evidence and affected runbook/architecture document","Review","None","Possible","Feature flag or staged rollout when behavior changes","Document rollback before deployment","P1","S2","M","Medium","In Progress","Scientific beta","SPRINT-06","M3","false","Data or Scientific Engineer","2026-07-19 Sprint 06: local provenance helpers exist; canonical history remains","2026-07-18","2026-07-19"
"AVA-0048","Benchmark dataset governance/population","AVA-EPIC-013","AVA-FEAT-048","AVA-STORY-048","Science","Implement and verify benchmark dataset governance/population without replacing working systems.","Audited S2/P2 finding AVA-048.","AVA-048","Preserve canonical architecture; no unrelated scope expansion.","See feature-specific audit and repository inventory","AVA-0014","","Reviewed compatible cohorts","Relevant unit/contract tests;Integration or environment evidence required by definition of complete","Update tracker evidence and affected runbook/architecture document","Review","Direct","None","Feature flag or staged rollout when behavior changes","Document rollback before deployment","P2","S2","XL","Medium","Deferred","Scientific beta","SPRINT-12","M3","true","Data or Scientific Engineer","","2026-07-18","2026-07-18"
"AVA-0049","Peak-velocity definition/reference decision","AVA-EPIC-006","AVA-FEAT-049","AVA-STORY-049","Metrics","Implement and verify peak-velocity definition/reference decision without replacing working systems.","Audited S1/P1 finding AVA-049.","AVA-049","Preserve canonical architecture; no unrelated scope expansion.","See feature-specific audit and repository inventory","AVA-0014","","One definition or remain hidden","Relevant unit/contract tests;Integration or environment evidence required by definition of complete","Update tracker evidence and affected runbook/architecture document","Review","Direct","None","Feature flag or staged rollout when behavior changes","Document rollback before deployment","P1","S1","L","Medium","Blocked","Scientific beta","SPRINT-06","M3","false","Data or Scientific Engineer","2026-07-19 Sprint 06: peak velocity remains hidden pending AVA-0014","2026-07-18","2026-07-19"
"AVA-0050","Public launch scale/security program","AVA-EPIC-014","AVA-FEAT-050","AVA-STORY-050","Release","Implement and verify public launch scale/security program without replacing working systems.","Audited S1/P4 finding AVA-050.","AVA-050","Preserve canonical architecture; no unrelated scope expansion.","See feature-specific audit and repository inventory","","Closed beta","Independent launch gates pass","Relevant unit/contract tests;Integration or environment evidence required by definition of complete","Update tracker evidence and affected runbook/architecture document","Review","None","None","Feature flag or staged rollout when behavior changes","Document rollback before deployment","P4","S1","XL","Medium","Deferred","Closed beta","SPRINT-12","M6","true","Product or Operations Lead","","2026-07-18","2026-07-18"
"AVA-0051","Repair orchestration pgTAP plan contract","AVA-EPIC-012","AVA-FEAT-051","AVA-STORY-051","Tests","Make the existing orchestration database integration assertions emit a valid pgTAP plan without weakening their behavior.","Sprint 02 local database validation failed because orchestration_integration.sql produced no TAP plan.","SPRINT-02-DISC-001","Preserve orchestration behavior and assertions; fix only canonical database test-runner compatibility.","supabase/tests/orchestration_integration.sql","AVA-0030","","npx supabase test db passes with planned orchestration assertions","npx supabase test db;node project-tracker/validate_tracker.mjs","Update database test evidence and tracker","Review","None","None","Test-only change; no runtime rollout","Revert only the test harness change if it alters assertion semantics","P1","S2","S","High","Blocked","Foundation","SPRINT-11","M0","false","QA Engineer","2026-07-18: npx supabase test db ran 12 mobile tests successfully but failed because orchestration_integration.sql emitted no TAP plan","2026-07-18","2026-07-18"
